age,sex,bmi,children,smoker,region,charges
22,female,31.02,3,yes,southeast,35595.5898
53,female,35.9,2,no,southwest,11163.568
62,female,25.0,0,no,southwest,13451.122
50,male,34.2,2,yes,southwest,42856.838
56,female,32.3,3,no,northeast,13430.265
51,male,42.9,2,yes,southeast,47462.894
45,male,27.5,3,no,southwest,8615.3
38,male,37.05,1,no,northeast,6079.6715
18,male,34.1,0,no,southeast,1137.011
34,female,33.25,1,no,northeast,5594.8455
49,male,29.83,1,no,northeast,9288.0267
45,male,30.36,0,yes,southeast,62592.87309
60,male,32.8,0,yes,southwest,52590.82939
32,male,31.5,1,no,southwest,4076.497
21,male,31.255,0,no,northwest,1909.52745
46,male,42.35,3,yes,southeast,46151.1245
22,male,37.62,1,yes,southeast,37165.1638
57,male,40.945,0,no,northeast,11566.30055
44,male,30.2,2,yes,southwest,38998.546
22,male,28.31,1,no,northwest,2639.0429
19,male,27.265,2,no,northwest,22493.65964
56,female,28.785,0,no,northeast,11658.37915
54,male,33.63,1,no,northwest,10825.2537
25,male,26.8,3,no,southwest,3906.127
42,female,29.0,1,no,southwest,7050.642
35,male,28.9,3,no,southwest,5926.846
51,female,21.56,1,no,southeast,9855.1314
25,male,24.13,0,yes,northwest,15817.9857
25,female,41.325,0,no,northeast,17878.90068
61,female,21.09,0,no,northwest,13415.0381
30,female,33.33,1,no,southeast,4151.0287
19,female,32.11,0,no,northwest,2130.6759
26,female,19.8,1,no,southwest,3378.91
40,female,29.3,4,no,southwest,15828.82173
42,male,30.0,0,yes,southwest,22144.032
46,female,32.3,2,no,northeast,9411.005
55,female,25.365,3,no,northeast,13047.33235
18,female,31.35,0,no,southeast,1622.1885
54,female,31.9,1,no,southeast,10928.849
50,female,33.7,4,no,southwest,11299.343
34,female,26.73,1,no,southeast,5002.7827
19,female,31.825,1,no,northwest,2719.27975
57,male,33.63,1,no,northwest,11945.1327
19,female,28.3,0,yes,southwest,17081.08
24,female,30.21,3,no,northwest,4618.0799
38,female,27.835,2,no,northeast,7144.86265
33,male,29.4,4,no,southwest,6059.173
25,female,22.515,1,no,northwest,3594.17085
38,female,27.6,0,no,southwest,5383.536
64,female,31.3,2,yes,southwest,47291.055
41,male,34.2,2,no,northwest,7261.741
55,male,32.775,0,no,northwest,10601.63225
45,male,30.495,2,no,northwest,8413.46305
45,female,30.495,1,yes,northwest,39725.51805
32,male,30.03,1,no,southeast,4074.4537
18,male,41.14,0,no,southeast,1146.7966
58,male,23.3,0,no,southwest,11345.519
28,female,27.5,2,no,southwest,20177.67113
51,male,23.21,1,yes,southeast,22218.1149
53,female,22.88,1,yes,southeast,23244.7902
28,male,30.875,0,no,northwest,3062.50825
52,male,24.32,3,yes,northeast,24869.8368
27,female,36.08,0,yes,southeast,37133.8982
58,female,33.1,0,no,southwest,11848.141
19,male,19.8,0,no,southwest,1241.565
18,male,53.13,0,no,southeast,1163.4627
31,male,36.3,2,yes,southwest,38711.0
44,male,34.32,1,no,southeast,7147.4728
18,male,23.32,1,no,southeast,1711.0268
52,male,33.25,0,no,northeast,9722.7695
32,female,20.52,0,no,northeast,4544.2348
37,male,37.07,1,yes,southeast,39871.7043
38,male,19.95,1,no,northwest,5855.9025
53,female,23.75,2,no,northeast,11729.6795
32,male,33.82,1,no,northwest,4462.7218
59,female,36.52,1,no,southeast,28287.89766
58,male,38.0,0,no,southwest,11365.952
39,male,32.34,2,no,southeast,6338.0756
48,male,29.7,0,no,southeast,7789.635
43,male,25.52,5,no,southeast,14478.33015
52,male,34.485,3,yes,northwest,60021.39897
56,male,34.43,0,no,southeast,10594.2257
62,male,30.02,0,no,northwest,13352.0998
36,male,35.2,1,yes,southeast,38709.176
51,male,25.4,0,no,southwest,8782.469
60,female,25.84,0,no,northwest,28923.13692
44,female,32.34,1,no,southeast,7633.7206
42,male,26.07,1,yes,southeast,38245.59327
37,male,28.025,2,no,northwest,6203.90175
64,male,25.6,2,no,southwest,14988.432
58,female,32.965,0,no,northeast,12430.95335
23,male,17.385,1,no,northwest,2775.19215
50,female,26.22,2,no,northwest,10493.9458
43,male,27.8,0,yes,southwest,37829.7242
40,male,22.705,2,no,northeast,7173.35995
55,female,30.5,0,no,southwest,10704.47
27,male,30.5,0,no,southwest,2494.022
50,male,25.3,0,no,southeast,8442.667
20,female,31.92,0,no,northwest,2261.5688
32,female,44.22,0,no,southeast,3994.1778
60,female,28.7,1,no,southwest,13224.693
19,male,25.175,0,no,northwest,1632.03625
58,male,49.06,0,no,southeast,11381.3254
19,male,30.4,0,no,southwest,1256.299
54,female,21.47,3,no,northwest,12475.3513
49,male,37.51,2,no,southeast,9304.7019
19,male,20.7,0,no,southwest,1242.816
61,female,36.385,1,yes,northeast,48517.56315
24,male,25.8,0,no,southwest,1972.95
44,male,27.4,2,no,southwest,7726.854
29,female,29.59,1,no,southeast,3947.4131
37,male,34.1,4,yes,southwest,40182.246
59,male,26.4,0,no,southeast,11743.299
45,female,25.7,3,no,southwest,9101.798
26,male,33.915,1,no,northwest,3292.52985
29,female,35.53,0,no,southeast,3366.6697
49,male,35.86,0,no,southeast,8124.4084
33,male,27.455,2,no,northwest,5261.46945
19,male,28.4,1,no,southwest,1842.519
55,female,32.395,1,no,northeast,11879.10405
20,female,26.84,1,yes,southeast,17085.2676
41,female,28.31,1,no,northwest,7153.5539
34,male,32.8,1,no,southwest,14358.36437
47,female,33.915,3,no,northwest,10115.00885
31,male,39.49,1,no,southeast,3875.7341
63,male,21.66,1,no,northwest,14349.8544
63,female,31.8,0,no,southwest,13880.949
45,male,23.56,2,no,northeast,8603.8234
34,male,27.835,1,yes,northwest,20009.63365
34,male,25.3,2,yes,southeast,18972.495
38,female,30.21,3,no,northwest,7537.1639
50,male,37.07,1,no,southeast,9048.0273
37,female,27.74,3,no,northwest,7281.5056
60,female,38.06,0,no,southeast,12648.7034
39,female,34.1,3,no,southwest,7418.522
36,male,33.82,1,no,northwest,5377.4578
50,female,27.075,1,no,northeast,10106.13425
60,male,29.64,0,no,northeast,12730.9996
41,female,36.08,1,no,southeast,6781.3542
21,female,34.6,0,no,southwest,2020.177
40,male,41.69,0,no,southeast,5438.7491
60,male,39.9,0,yes,southwest,48173.361
58,female,41.91,0,no,southeast,24227.33724
62,male,32.015,0,yes,northeast,45710.20785
26,female,29.48,1,no,southeast,3392.3652
53,female,38.06,3,no,southeast,20462.99766
54,female,27.645,1,no,northwest,11305.93455
26,female,34.2,2,no,southwest,3987.926
42,female,26.18,1,no,southeast,7046.7222
51,female,39.5,1,no,southwest,9880.068
37,female,17.29,2,no,northeast,6877.9801
22,male,37.07,2,yes,southeast,37484.4493
23,male,34.4,0,no,southwest,1826.843
53,male,26.41,2,no,northeast,11244.3769
42,female,41.325,1,no,northeast,7650.77375
64,male,39.16,1,no,southeast,14418.2804
57,female,38.0,2,no,southwest,12646.207
49,male,30.9,0,yes,southwest,39727.614
35,female,34.21,1,no,southeast,5245.2269
23,male,32.7,3,no,southwest,3591.48
21,female,25.8,0,no,southwest,2007.945
52,male,36.7,0,no,southwest,9144.565
43,female,25.27,1,yes,northeast,21771.3423
26,male,29.15,1,no,southeast,2902.9065
30,female,32.4,1,no,southwest,4149.736
26,female,42.4,1,no,southwest,3410.324
39,female,18.3,5,yes,southwest,19023.26
47,female,45.32,1,no,southeast,8569.8618
56,female,25.65,0,no,northwest,11454.0215
42,male,24.64,0,yes,southeast,19515.5416
23,female,31.4,0,yes,southwest,34166.273
38,male,19.3,0,yes,southwest,15820.699
33,male,27.1,1,yes,southwest,19040.876
19,male,34.4,0,no,southwest,1261.859
43,female,29.9,1,no,southwest,7337.748
24,female,27.72,0,no,southeast,2464.6188
34,male,35.815,0,no,northwest,4320.41085
32,male,27.835,1,no,northwest,4454.40265
19,male,20.615,2,no,northwest,2803.69785
51,male,31.635,0,no,northwest,9174.13565
61,female,39.1,2,no,southwest,14235.072
59,female,32.395,3,no,northeast,14590.63205
24,female,29.925,0,no,northwest,2850.68375
61,male,36.3,1,yes,southwest,47403.88
61,male,35.86,0,yes,southeast,46599.1084
42,male,35.97,2,no,southeast,7160.3303
62,female,32.68,0,no,northwest,13844.7972
48,female,28.9,0,no,southwest,8277.523
49,male,36.85,0,no,southeast,8125.7845
51,male,37.0,0,no,southwest,8798.593
38,male,34.7,2,no,southwest,6082.405
27,male,29.15,0,yes,southeast,18246.4955
28,male,22.515,2,no,northeast,4428.88785
42,female,26.6,0,yes,northwest,21348.706
60,male,31.35,3,yes,northwest,46130.5265
26,male,17.67,0,no,northwest,2680.9493
22,female,24.3,0,no,southwest,2150.469
20,female,31.46,0,no,southeast,1877.9294
28,female,23.845,2,no,northwest,4719.73655
48,male,36.67,1,no,northwest,28468.91901
34,male,42.9,1,no,southwest,4536.259
63,female,26.22,0,no,northwest,14256.1928
30,male,37.8,2,yes,southwest,39241.442
30,female,28.405,1,no,northwest,4527.18295
46,male,26.62,1,no,southeast,7742.1098
28,female,33.11,0,no,southeast,3171.6149
40,male,25.08,0,no,southeast,5415.6612
37,female,25.555,1,yes,northeast,20296.86345
59,female,27.72,3,no,southeast,14001.1338
38,male,28.025,1,no,northeast,6067.12675
39,female,31.92,2,no,northwest,7209.4918
23,female,24.225,2,no,northeast,22395.74424
18,male,21.47,0,no,northeast,1702.4553
31,female,26.62,0,no,southeast,3757.8448
57,male,40.28,0,no,northeast,20709.02034
62,female,31.73,0,no,northeast,14043.4767
18,female,40.28,0,no,northeast,2217.6012
23,female,28.12,0,no,northwest,2690.1138
19,male,22.61,0,no,northwest,1628.4709
27,male,33.155,2,no,northwest,4058.71245
41,male,28.405,1,no,northwest,6664.68595
20,male,27.93,0,no,northeast,1967.0227
42,female,24.985,2,no,northwest,8017.06115
45,female,35.815,0,no,northwest,7731.85785
48,female,33.33,0,no,southeast,8283.6807
18,female,30.305,0,no,northeast,2203.73595
49,female,34.77,1,no,northwest,9583.8933
22,male,31.73,0,no,northeast,2254.7967
26,male,23.7,2,no,southwest,3484.331
33,female,24.31,0,no,southeast,4185.0979
57,male,31.54,0,no,northwest,11353.2276
50,male,32.11,2,no,northeast,25333.33284
28,female,28.88,1,no,northeast,4337.7352
19,male,28.7,0,no,southwest,1253.936
18,female,25.08,0,no,northeast,2196.4732
47,male,47.52,1,no,southeast,8083.9198
30,male,22.99,2,yes,northwest,17361.7661
45,male,30.2,1,no,southwest,7441.053
48,female,27.36,1,no,northeast,9447.3824
33,male,33.44,5,no,southeast,6653.7886
42,male,35.8,2,no,southwest,7160.094
32,male,28.12,4,yes,northwest,21472.4788
55,female,29.7,2,no,southwest,11881.358
27,female,31.4,0,yes,southwest,34838.873
54,female,47.41,0,yes,southeast,63770.42801
55,male,21.5,1,no,southwest,10791.96
26,female,17.195,2,yes,northeast,14455.64405
44,male,21.85,3,no,northeast,8891.1395
42,female,23.37,0,yes,northeast,19964.7463
42,female,37.9,0,no,southwest,6474.013
61,male,32.3,2,no,northwest,14119.62
33,female,33.5,0,yes,southwest,37079.372
29,male,38.94,1,no,southeast,3471.4096
32,male,37.335,1,no,northeast,4667.60765
55,female,30.14,2,no,southeast,11881.9696
43,male,27.36,3,no,northeast,8606.2174
42,male,24.86,0,no,southeast,5966.8874
56,male,33.63,0,yes,northwest,43921.1837
21,male,22.3,1,no,southwest,2103.08
34,female,30.21,1,yes,northwest,43943.8761
27,male,32.585,3,no,northeast,4846.92015
63,female,36.85,0,no,southeast,13887.9685
24,female,22.6,0,no,southwest,2457.502
49,female,36.63,3,no,southeast,10381.4787
37,female,47.6,2,yes,southwest,46113.511
19,male,34.8,0,yes,southwest,34779.615
33,male,22.705,0,no,northwest,21984.47061
39,male,45.43,2,no,southeast,6356.2707
30,male,31.57,3,no,southeast,4837.5823
23,female,39.27,2,no,southeast,3500.6123
55,female,40.81,3,no,southeast,12485.8009
24,female,39.49,0,no,southeast,2480.9791
59,male,25.46,0,no,northwest,12124.9924
62,female,26.29,0,yes,southeast,27808.7251
24,male,33.63,4,no,northeast,17128.42608
46,male,22.3,0,no,southwest,7147.105
38,male,31.0,1,no,southwest,5488.262
39,male,21.85,1,no,northwest,6117.4945
47,male,29.83,3,no,northwest,9620.3307
22,male,26.84,0,no,southeast,1664.9996
58,female,25.2,0,no,southwest,11837.16
47,female,24.32,0,no,northeast,8534.6718
60,male,24.32,0,no,northwest,12523.6048
35,male,36.67,1,yes,northeast,39774.2763
21,female,32.68,2,no,northwest,26018.95052
41,male,23.94,1,no,northeast,6858.4796
33,male,30.25,0,no,southeast,3704.3545
25,female,28.595,0,no,northeast,3213.62205
64,female,31.825,2,no,northeast,16069.08475
54,female,31.9,3,no,southeast,27322.73386
27,male,33.66,0,no,southeast,2498.4144
50,male,31.825,0,yes,northeast,41097.16175
32,female,17.765,2,yes,northwest,32734.1863
32,male,35.2,2,no,southwest,4670.64
29,male,22.515,3,no,northeast,5209.57885
21,male,36.85,0,no,southeast,1534.3045
24,female,20.52,0,yes,northeast,14571.8908
38,male,29.26,2,no,northwest,6457.8434
29,male,37.29,2,no,southeast,4058.1161
26,male,29.45,0,no,northeast,2897.3235
28,female,25.935,1,no,northwest,4133.64165
36,male,33.4,2,yes,southwest,38415.474
45,female,39.995,3,no,northeast,9704.66805
64,female,39.33,0,no,northeast,14901.5167
54,female,32.68,0,no,northeast,10923.9332
38,female,28.0,3,no,southwest,7151.092
54,male,21.01,2,no,southeast,11013.7119
44,female,27.5,1,no,southwest,7626.993
20,male,30.115,5,no,northeast,4915.05985
32,female,41.1,0,no,southwest,3989.841
31,female,32.775,2,no,northwest,5327.40025
28,male,37.1,1,no,southwest,3277.161
30,female,27.7,0,no,southwest,3554.203
19,female,21.7,0,yes,southwest,13844.506
20,male,32.395,1,no,northwest,2362.22905
23,male,35.2,1,no,southwest,2416.955
47,male,29.8,3,yes,southwest,25309.489
49,female,27.1,1,no,southwest,26140.3603
30,female,27.93,0,no,northeast,4137.5227
20,male,31.13,2,no,southeast,2566.4707
29,male,29.735,2,no,northwest,18157.876
18,male,33.33,0,no,southeast,1135.9407
35,male,30.5,1,no,southwest,4751.07
27,male,45.9,2,no,southwest,3693.428
25,male,26.22,0,no,northeast,2721.3208
36,female,19.855,0,no,northeast,5458.04645
27,female,17.955,2,yes,northeast,15006.57945
24,female,30.1,3,no,southwest,4234.927
44,male,31.35,1,yes,northeast,39556.4945
37,female,30.8,2,no,southeast,6313.759
60,male,25.74,0,no,southeast,12142.5786
18,female,39.16,0,no,southeast,1633.0444
61,female,28.2,0,no,southwest,13041.921
39,male,29.925,1,yes,northeast,22462.04375
60,female,24.035,0,no,northwest,13012.20865
18,male,38.17,0,yes,southeast,36307.7983
46,male,25.745,3,no,northwest,9301.89355
55,male,38.28,0,no,southeast,10226.2842
19,female,33.11,0,yes,southeast,34439.8559
33,male,42.4,5,no,southwest,6666.243
36,male,28.595,3,no,northwest,6548.19505
23,female,36.67,2,yes,northeast,38511.6283
30,male,37.43,3,no,northeast,5428.7277
55,female,33.535,2,no,northwest,12269.68865
46,female,30.8,3,no,southwest,9414.92
43,male,30.115,3,no,northwest,8410.04685
21,female,17.4,1,no,southwest,2585.269
63,male,31.445,0,no,northeast,13974.45555
41,female,31.02,0,no,southeast,6185.3208
19,female,40.5,0,no,southwest,1759.338
42,female,25.3,1,no,southwest,7045.499
47,male,19.19,1,no,northeast,8627.5411
45,male,28.7,2,no,southwest,8027.968
29,female,20.235,2,no,northwest,4906.40965
29,female,38.83,3,no,southeast,5138.2567
19,female,28.31,0,yes,northwest,17468.9839
21,male,23.21,0,no,southeast,1515.3449
63,male,28.31,0,no,northwest,13770.0979
43,female,25.08,0,no,northeast,7325.0482
55,female,32.775,2,no,northwest,12268.63225
25,male,33.33,2,yes,southeast,36124.5737
25,female,30.2,0,yes,southwest,33900.653
42,female,29.48,2,no,southeast,7640.3092
33,male,42.46,1,no,southeast,11326.71487
48,female,36.575,0,no,northwest,8671.19125
34,male,30.8,0,yes,southwest,35491.64
28,male,26.98,2,no,northeast,4435.0942
63,female,26.98,0,yes,northwest,28950.4692
57,female,34.295,2,no,northeast,13224.05705
27,female,30.4,3,no,northwest,18804.7524
18,male,35.2,1,no,southeast,1727.54
40,female,36.19,0,no,southeast,5920.1041
53,female,32.3,2,no,northeast,29186.48236
18,male,27.36,1,yes,northeast,17178.6824
27,male,28.5,0,yes,northwest,18310.742
48,female,33.11,0,yes,southeast,40974.1649
30,female,28.38,1,yes,southeast,19521.9682
62,female,38.095,2,no,northeast,15230.32405
21,male,27.36,0,no,northeast,2104.1134
49,male,25.84,2,yes,northwest,23807.2406
18,female,36.85,0,yes,southeast,36149.4835
36,female,22.135,3,no,northeast,7228.21565
50,male,44.77,1,no,southeast,9058.7303
51,female,33.915,0,no,northeast,9866.30485
19,female,28.9,0,no,southwest,1743.214
25,female,20.8,1,no,southwest,3208.787
18,male,30.14,0,no,southeast,1131.5066
53,male,28.88,0,no,northwest,9869.8102
29,female,21.85,0,yes,northeast,16115.3045
22,male,35.6,0,yes,southwest,35585.576
61,female,44.0,0,no,southwest,13063.883
28,female,34.77,0,no,northwest,3556.9223
47,female,36.63,1,yes,southeast,42969.8527
18,female,40.185,0,no,northeast,2217.46915
52,male,26.4,3,no,southeast,25992.82104
40,female,41.42,1,no,northwest,28476.73499
20,female,29.6,0,no,southwest,1875.344
27,female,24.75,0,yes,southeast,16577.7795
44,male,39.52,0,no,northwest,6948.7008
57,female,29.81,0,yes,southeast,27533.9129
